name,handedness,height,weight,BMI,avg,HR
Freddie Patek,R,65,148,24.62579882,0.242,41
Walt Williams,R,66,165,26.62878788,0.27,33
Onix Concepcion,R,66,160,25.82185491,0.239,3
Vic Davalillo,L,67,150,23.49075518,0.279,36
Don Buford,B,67,160,25.05680552,0.264,93
Joe Morgan,L,67,160,25.05680552,0.271,268
Ron Brand,R,67,167,26.15304077,0.239,3
Dick Howser,R,68,155,23.56509516,0.248,16
Al Bumbry,L,68,170,25.84558824,0.281,54
Jim French,L,68,180,27.36591696,0.196,5
Enzo Hernandez,R,68,155,23.56509516,0.224,2
Larvell Blanks,R,68,167,25.38948962,0.253,20
Fred Norman,B,68,155,23.56509516,0.125,0
Roberto Pena,R,68,170,25.84558824,0.245,13
Ron Theobald,R,68,165,25.08542388,0.248,2
Rich Coggins,L,68,170,25.84558824,0.265,12
Curt Motton,R,68,164,24.933391,0.213,25
Sandy Valdespino,L,68,170,25.84558824,0.23,7
Denny Doyle,L,69,175,25.84015963,0.25,16
Juan Bonilla,R,69,170,25.10186936,0.256,7
Gene Clines,R,69,170,25.10186936,0.277,5
Bump Wills,B,69,172,25.39718547,0.266,36
Cesar Tovar,R,69,155,22.88699853,0.278,46
Elio Chacon,R,69,160,23.6252888,0.232,4
Floyd Robinson,L,69,175,25.84015963,0.283,67
Manny Castillo,B,69,160,23.6252888,0.242,3
Darryl Motley,R,69,196,28.94097879,0.243,44
Bucky Dent,R,69,170,25.10186936,0.247,40
Tony Gonzalez,L,69,170,25.10186936,0.286,103
Horace Clarke,B,69,170,25.10186936,0.256,27
Mike Tyson,R,69,170,25.10186936,0.241,27
Glenn Hubbard,R,69,150,22.14870825,0.244,70
Israel Sanchez,L,69,170,25.10186936,0,0
Mike Sadek,R,69,165,24.36357908,0.226,5
Cesar Gutierrez,R,69,155,22.88699853,0.235,0
Luis Alvarado,R,69,162,23.92060491,0.214,5
Lenn Sakata,R,69,160,23.6252888,0.23,25
Angel Moreno,L,69,165,24.36357908,0,0
Larry Lintz,B,69,150,22.14870825,0.227,0
Matty Alou,L,69,160,23.6252888,0.307,31
Boots Day,L,69,160,23.6252888,0.256,8
Sandy Alomar,B,69,140,20.6721277,0.245,13
Sonny Jackson,L,69,150,22.14870825,0.251,7
Luis Aguayo,R,69,173,25.54484352,0.236,37
Lynn Jones,R,69,175,25.84015963,0.252,7
Ken Suarez,R,69,175,25.84015963,0.227,5
Rick Peters,B,69,170,25.10186936,0.277,2
Jerry Turner,L,69,180,26.57844991,0.257,45
Tommy Harper,R,69,165,24.36357908,0.257,146
Julio Cruz,B,69,165,24.36357908,0.237,23
Bill Sample,R,69,175,25.84015963,0.272,46
Rudy Meoli,L,69,165,24.36357908,0.212,2
Davey Lopes,R,69,170,25.10186936,0.263,155
Jimmie Schaffer,R,69,170,25.10186936,0.223,11
Gil Garrido,R,69,150,22.14870825,0.237,1
Mick Kelleher,R,69,176,25.98781769,0.213,0
Wayne Tolleson,B,69,160,23.6252888,0.241,9
Luis Gomez,R,69,150,22.14870825,0.21,0
Jerry Remy,L,69,165,24.36357908,0.275,7
Jose Cardenal,R,70,150,21.52040816,0.275,138
Buck Martinez,R,70,190,27.25918367,0.225,58
Ted Ford,R,70,180,25.8244898,0.219,17
Gene Locklear,L,70,165,23.67244898,0.274,9
Rich Rollins,R,70,185,26.54183673,0.269,77
Merv Rettenmund,R,70,190,27.25918367,0.271,66
Rusty Torres,B,70,175,25.10714286,0.212,35
Larry Brown,R,70,160,22.95510204,0.233,47
Jim Fairey,L,70,190,27.25918367,0.235,7
Tom Brookens,R,70,165,23.67244898,0.246,71
Bill Wilkinson,R,70,160,22.95510204,0,0
Wayne Comer,R,70,175,25.10714286,0.229,16
Greg Gross,L,70,160,22.95510204,0.287,7
Jack Brohamer,L,70,165,23.67244898,0.245,30
Von Joshua,L,70,170,24.38979592,0.273,30
Cookie Rojas,R,70,160,22.95510204,0.263,54
Barry Raziano,B,70,175,25.10714286,0,0
Chico Salmon,R,70,160,22.95510204,0.249,31
Jorge Orta,L,70,170,24.38979592,0.278,130
Allan Ramirez,R,70,180,25.8244898,0,0
Chuck Schilling,R,70,160,22.95510204,0.239,23
Brian Dubois,L,70,165,23.67244898,0,0
Larry Cox,R,70,178,25.53755102,0.221,12
Jerry White,B,70,164,23.52897959,0.253,21
Angel Mangual,R,70,178,25.53755102,0.245,22
Mike Hershberger,R,70,175,25.10714286,0.252,26
Aurelio Rodriguez,R,70,180,25.8244898,0.237,124
Craig Robinson,R,70,165,23.67244898,0.219,0
Rafael Landestoy,B,70,165,23.67244898,0.237,4
Narciso Elvira,L,70,160,22.95510204,0,0
Vic Correll,R,70,185,26.54183673,0.229,29
Tony Mack,R,70,177,25.39408163,0,0
Coco Laboy,R,70,165,23.67244898,0.233,28
Jim Norris,L,70,175,25.10714286,0.264,7
Jim Pankovits,R,70,170,24.38979592,0.25,9
Dave Chalk,R,70,175,25.10714286,0.252,15
Gene Alley,R,70,160,22.95510204,0.254,55
Ted Sizemore,R,70,165,23.67244898,0.262,23
Mickey Rivers,L,70,165,23.67244898,0.295,61
Pedro Garcia,R,70,175,25.10714286,0.22,37
Bobby Klaus,R,70,170,24.38979592,0.208,6
Ken Landreaux,L,70,165,23.67244898,0.268,91
Bombo Rivera,R,70,187,26.82877551,0.265,10
Bobby Mitchell,L,70,170,24.38979592,0.243,3
Mickey Brantley,R,70,180,25.8244898,0.259,32
Fernando Gonzalez,R,70,165,23.67244898,0.235,17
Luis Encarnacion,R,70,178,25.53755102,0,0
Barbaro Garbey,R,70,170,24.38979592,0.267,11
Jerry Hairston,B,70,170,24.38979592,0.258,30
Fred Stanley,R,70,165,23.67244898,0.216,10
Larry Bowa,B,70,155,22.2377551,0.26,15
Jim Dwyer,L,70,165,23.67244898,0.26,77
George Smith,R,70,170,24.38979592,0.205,9
Alex Trevino,R,70,165,23.67244898,0.249,23
Steve Garvey,R,70,192,27.54612245,0.294,272
Chuck Harrison,R,70,185,26.54183673,0.238,17
Dick Green,R,70,180,25.8244898,0.24,80
Joe Strain,R,70,169,24.24632653,0.25,1
Mike Edwards,R,70,154,22.09428571,0.25,2
Don Wert,R,70,162,23.24204082,0.242,77
Ron Woods,R,70,168,24.10285714,0.233,26
Bob Johnson,R,70,175,25.10714286,0.272,44
Bill Stein,R,70,170,24.38979592,0.267,44
Domingo Ramos,R,70,154,22.09428571,0.24,8
Steve Braun,L,70,180,25.8244898,0.271,52
Brock Davis,L,70,160,22.95510204,0.26,1
Ramon Pena,R,70,155,22.2377551,0,0
Mario Guerrero,R,70,155,22.2377551,0.257,7
Nate Oliver,R,70,160,22.95510204,0.226,2
Biff Pocoroba,B,70,175,25.10714286,0.257,21
Joe Lefebvre,L,70,170,24.38979592,0.258,31
Andre Robertson,R,70,155,22.2377551,0.251,5
Carl Warwick,R,70,170,24.38979592,0.248,31
Len Randle,B,70,169,24.24632653,0.257,27
Dave Nelson,R,70,160,22.95510204,0.244,20
Bryan Little,B,70,160,22.95510204,0.245,3
Rick Burleson,R,70,165,23.67244898,0.273,50
Steve Hovley,L,70,188,26.9722449,0.258,8
Manny Mota,R,70,160,22.95510204,0.304,31
Dave May,L,70,186,26.68530612,0.251,96
Billy Grabarkewitz,R,70,165,23.67244898,0.236,28
Tommy Helms,R,70,165,23.67244898,0.269,34
Ed Ott,L,70,190,27.25918367,0.259,33
Ron Clark,R,70,175,25.10714286,0.189,5
Norm Miller,L,70,185,26.54183673,0.238,24
Ruppert Jones,L,70,170,24.38979592,0.25,147
Winston Llenas,R,70,165,23.67244898,0.23,3
Broderick Perkins,L,70,180,25.8244898,0.271,8
Roy White,B,70,160,22.95510204,0.271,160
Mike Brumley,L,70,195,27.97653061,0.229,5
Al Luplow,L,70,175,25.10714286,0.235,33
Jerry Morales,R,70,155,22.2377551,0.259,95
Jimmy Wynn,R,70,160,22.95510204,0.25,291
Pepe Frias,R,70,159,22.81163265,0.24,1
Bert Campaneris,R,70,160,22.95510204,0.259,79
Bobby Valentine,R,70,189,27.11571429,0.26,12
Sixto Lezcano,R,70,165,23.67244898,0.271,148
Pepe Mangual,R,70,157,22.52469388,0.242,16
Jack Perconte,L,70,160,22.95510204,0.27,2
Jerry Grote,R,70,185,26.54183673,0.252,39
Ron Cey,R,70,185,26.54183673,0.261,316
Bubba Morton,R,70,175,25.10714286,0.267,14
Steve Nicosia,R,70,185,26.54183673,0.248,11
Curt Ford,L,70,150,21.52040816,0.245,7
Jesse Gonder,L,70,180,25.8244898,0.251,26
Bill Sharp,L,70,178,25.53755102,0.255,9
Gail Hopkins,L,70,198,28.40693878,0.266,25
Tom Poquette,L,70,175,25.10714286,0.268,10
Ed Charles,R,70,170,24.38979592,0.263,86
Floyd Rayford,R,70,190,27.25918367,0.244,38
Phil Garner,R,70,175,25.10714286,0.26,109
Todd Fischer,R,70,170,24.38979592,0,0
Joe Nolan,L,71,175,24.40487998,0.263,27
Frank Tepedino,L,71,185,25.79944455,0.241,6
Pete Rose,B,71,192,26.77563975,0.303,160
Bobby Cox,R,71,180,25.10216227,0.225,9
Jerry Buchek,R,71,185,25.79944455,0.22,22
Ivan DeJesus,R,71,175,24.40487998,0.254,21
Eric Soderholm,R,71,187,26.07835747,0.264,102
Wayne Garrett,L,71,175,24.40487998,0.239,61
Bo Diaz,R,71,185,25.79944455,0.255,87
Dal Maxvill,R,71,157,21.89466376,0.217,6
Elliott Maddox,R,71,180,25.10216227,0.261,18
Frank White,R,71,165,23.01031541,0.255,160
Ray Oyler,R,71,165,23.01031541,0.175,15
Steve Jeltz,B,71,180,25.10216227,0.21,5
Lou Brock,L,71,170,23.7075977,0.293,149
Dave Collins,B,71,175,24.40487998,0.272,32
Ed Spiezio,R,71,180,25.10216227,0.238,39
Bobby Cuellar,R,71,188,26.21781393,0,0
Tim Flannery,L,71,175,24.40487998,0.255,9
Eddie Milner,L,71,173,24.12596707,0.253,42
Rich Morales,R,71,170,23.7075977,0.195,6
Johnny Oates,L,71,188,26.21781393,0.25,14
Jim Ray Hart,R,71,185,25.79944455,0.278,170
Junior Moore,R,71,185,25.79944455,0.264,7
Al Downing,R,71,175,24.40487998,0.127,2
Chuck Hiller,L,71,170,23.7075977,0.243,20
Dave Cash,R,71,170,23.7075977,0.283,21
Leon Hooten,R,71,180,25.10216227,0,0
Hal McRae,R,71,180,25.10216227,0.29,191
Greg Thayer,R,71,182,25.38107518,0,0
Rick Bosetti,R,71,185,25.79944455,0.25,17
Tom Makowski,R,71,185,25.79944455,0,0
Mike de la Hoz,R,71,175,24.40487998,0.251,25
Don Mason,L,71,160,22.31303313,0.205,3
Mario Mendoza,R,71,170,23.7075977,0.215,4
Thurman Munson,R,71,190,26.49672684,0.292,113
Jackie Hernandez,R,71,165,23.01031541,0.208,12
U L Washington,B,71,175,24.40487998,0.251,27
Mickey Klutts,R,71,170,23.7075977,0.241,14
Len Whitehouse,L,71,175,24.40487998,0,0
Dick McAuliffe,L,71,176,24.54433644,0.247,197
Jim Morrison,R,71,175,24.40487998,0.26,112
Tom Hutton,L,71,180,25.10216227,0.248,22
Rich Chiles,L,71,170,23.7075977,0.254,6
Oscar Gamble,L,71,160,22.31303313,0.265,200
Joe Pactwa,L,71,185,25.79944455,0,0
Dave Hilton,R,71,191,26.6361833,0.213,6
Gary Allenson,R,71,185,25.79944455,0.221,19
Lafayette Currence,B,71,175,24.40487998,0,0
Tony Chevez,R,71,177,24.6837929,0,0
Doug Camilli,R,71,195,27.19400913,0.199,18
Gary Ignasiak,R,71,185,25.79944455,0,0
John Donaldson,L,71,160,22.31303313,0.238,4
Amos Otis,R,71,165,23.01031541,0.277,193
Doug Flynn,R,71,165,23.01031541,0.238,7
Francisco Barrios,R,71,155,21.61575084,0,0
Bud Harrelson,B,71,160,22.31303313,0.236,7
Carl Yastrzemski,L,71,175,24.40487998,0.285,452
Craig Eaton,R,71,175,24.40487998,0,0
Julio Gonzalez,R,71,162,22.59194604,0.235,4
Gates Brown,L,71,220,30.68042055,0.257,84
Johnny Ray,B,71,170,23.7075977,0.29,53
Billy North,B,71,185,25.79944455,0.261,20
Juan Beniquez,R,71,150,20.91846856,0.274,79
Hector Cruz,R,71,170,23.7075977,0.225,39
Bernie Carbo,L,71,173,24.12596707,0.264,96
Jose Morales,R,71,187,26.07835747,0.287,26
Albert Hall,B,71,155,21.61575084,0.251,5
Tony Arnold,R,71,170,23.7075977,0,0
Tim Corcoran,L,71,175,24.40487998,0.27,12
Rennie Stennett,R,71,160,22.31303313,0.274,41
Rich McKinney,R,71,185,25.79944455,0.225,20
Jose Cecena,R,71,180,25.10216227,0,0
Felix Millan,R,71,172,23.98651061,0.279,22
Jim Gosger,L,71,185,25.79944455,0.226,30
Marvell Wynne,L,71,175,24.40487998,0.247,40
Bob Stinson,B,71,180,25.10216227,0.25,33
Bobby Tolan,L,71,170,23.7075977,0.265,86
Randy Hundley,R,71,170,23.7075977,0.236,82
Jose Tartabull,L,71,165,23.01031541,0.261,2
Lou Johnson,R,71,170,23.7075977,0.258,48
Kiko Garcia,R,71,180,25.10216227,0.239,12
John Stephenson,L,71,180,25.10216227,0.216,12
Buddy Biancalana,B,71,160,22.31303313,0.205,6
Felix Torres,R,71,165,23.01031541,0.254,27
Buddy Bradford,R,71,170,23.7075977,0.226,52
Dan Meyer,L,71,180,25.10216227,0.253,86
Jim Wohlford,R,71,175,24.40487998,0.26,21
Chico Escarrega,R,71,185,25.79944455,0,0
Dave Rosello,R,71,160,22.31303313,0.236,10
Paul Schaal,R,71,165,23.01031541,0.244,57
Tito Landrum,R,71,175,24.40487998,0.249,13
Ray Sadecki,L,71,180,25.10216227,0.191,5
Frank Eufemia,R,71,185,25.79944455,0,0
Jack Lazorko,R,71,200,27.89129141,0,0
Mike Paxton,R,71,190,26.49672684,0,0
George Wright,B,71,180,25.10216227,0.245,42
Tommie Agee,R,71,195,27.19400913,0.255,130
Ted Simmons,B,71,193,26.91509621,0.285,248
Bobby Murcer,L,71,160,22.31303313,0.277,252
Dick Tracewski,R,71,160,22.31303313,0.213,8
Bill Madlock,R,71,180,25.10216227,0.305,163
Carlos Velazquez,R,71,180,25.10216227,0,0
John Castino,R,71,175,24.40487998,0.278,41
Ron Washington,R,71,155,21.61575084,0.261,20
Joe Wallis,B,71,180,25.10216227,0.244,16
Max Alvis,R,71,185,25.79944455,0.247,111
Merritt Ranew,L,71,170,23.7075977,0.247,8
Dan Driessen,L,71,187,26.07835747,0.267,153
Bob Bailor,R,71,170,23.7075977,0.264,9
Tony Armas,R,71,182,25.38107518,0.252,251
Willie Horton,R,71,209,29.14639952,0.273,325
Glen Cook,R,71,180,25.10216227,0,0
Bill Castro,R,71,170,23.7075977,0,0
Jim Campbell,L,71,175,24.40487998,0,0
De Wayne Vaughn,R,71,180,25.10216227,0,0
Charlie Moore,R,71,180,25.10216227,0.261,36
Ralph Garr,L,71,185,25.79944455,0.306,75
Reid Nichols,R,71,165,23.01031541,0.266,22
Paul Wilmet,R,71,170,23.7075977,0,0
Carlos May,L,71,200,27.89129141,0.274,90
Dick Allen,R,71,187,26.07835747,0.292,351
Bob Brower,R,71,185,25.79944455,0.242,17
Garth Iorg,R,71,170,23.7075977,0.258,20
Tim Blackwell,B,71,170,23.7075977,0.228,6
Rey Quinones,R,71,160,22.31303313,0.243,29
Mike Squires,L,71,185,25.79944455,0.26,6
Ed Stroud,L,71,180,25.10216227,0.237,14
Tom Lawless,R,71,170,23.7075977,0.207,2
Dave McNally,R,71,185,25.79944455,0.133,9
Jackie Gutierrez,R,71,175,24.40487998,0.237,4
Junior Kennedy,R,71,175,24.40487998,0.248,4
Vic Harris,B,71,165,23.01031541,0.217,13
Marty Perez,R,71,160,22.31303313,0.246,22
Ed Kirkpatrick,L,71,195,27.19400913,0.238,85
Tito Fuentes,B,71,175,24.40487998,0.268,45
Leo Cardenas,R,71,150,20.91846856,0.257,118
Skip Jutze,R,71,190,26.49672684,0.215,3
Ellie Rodriguez,R,71,185,25.79944455,0.245,16
Ed Romero,R,71,160,22.31303313,0.247,8
Jerry Terrell,R,71,165,23.01031541,0.253,4
Bob Burda,L,71,174,24.26542353,0.224,13
Bob Coluccio,R,71,183,25.52053164,0.22,26
Dave Rader,L,71,165,23.01031541,0.257,30
Alan Bannister,R,71,170,23.7075977,0.27,19
Fritz Peterson,B,72,185,25.08777006,0.159,2
Dick Bertell,R,72,200,27.12191358,0.25,10
John Wockenfuss,R,72,190,25.7658179,0.262,86
Tommy McCraw,L,72,183,24.81655093,0.246,75
Danny Walton,R,72,195,26.44386574,0.223,28
Brad Wellman,R,72,170,23.05362654,0.231,6
Pedro Gonzalez,R,72,176,23.86728395,0.244,8
Ed Brinkman,R,72,170,23.05362654,0.224,60
Kevin Stanfield,L,72,190,25.7658179,0,0
Jim Lyttle,L,72,180,24.40972222,0.248,9
Pat Putnam,L,72,205,27.79996142,0.255,63
Kurt Bevacqua,R,72,180,24.40972222,0.236,27
Jack Heidemann,R,72,175,23.73167438,0.211,9
Hector Torres,R,72,175,23.73167438,0.216,18
Steve Lombardozzi,R,72,175,23.73167438,0.233,20
Joe Azcue,R,72,190,25.7658179,0.252,50
John Stearns,R,72,185,25.08777006,0.26,46
Tommy Dean,R,72,165,22.3755787,0.18,4
Marty Martinez,B,72,170,23.05362654,0.243,0
Jose Roman,R,72,175,23.73167438,0,0
Otto Velez,R,72,170,23.05362654,0.251,78
Tony Scott,B,72,164,22.23996914,0.249,17
Joe Lovitto,B,72,185,25.08777006,0.216,4
Rico Petrocelli,R,72,175,23.73167438,0.251,210
Ken Boswell,L,72,170,23.05362654,0.248,31
Willie Norwood,R,72,185,25.08777006,0.242,18
Jeff Stone,L,72,175,23.73167438,0.277,11
Ramon Manon,R,72,150,20.34143519,0,0
Sal Butera,R,72,190,25.7658179,0.227,8
Angel Salazar,R,72,180,24.40972222,0.212,2
Pat Underwood,L,72,175,23.73167438,0,0
Mike Phillips,L,72,170,23.05362654,0.24,11
Ron Santo,R,72,190,25.7658179,0.277,342
Joel McKeon,L,72,185,25.08777006,0,0
Ken Berry,R,72,175,23.73167438,0.255,58
Mike Richardt,R,72,170,23.05362654,0.226,4
Chris Brown,R,72,185,25.08777006,0.269,38
Bob Didier,B,72,190,25.7658179,0.229,0
Jake Gibbs,L,72,180,24.40972222,0.233,25
Garry Hancock,L,72,175,23.73167438,0.247,12
Billy Conigliaro,R,72,180,24.40972222,0.256,40
Billy Cowan,R,72,170,23.05362654,0.236,40
Jim Lefebvre,B,72,180,24.40972222,0.251,74
Steve Whitaker,L,72,180,24.40972222,0.23,24
Duffy Dyer,R,72,187,25.3589892,0.221,30
Mike Champion,R,72,185,25.08777006,0.229,2
Ralph Botting,L,72,195,26.44386574,0,0
Terry Crowley,L,72,180,24.40972222,0.25,42
Ron Pruitt,R,72,185,25.08777006,0.269,12
Ken Gerhart,R,72,190,25.7658179,0.221,24
Willie Smith,L,72,182,24.68094136,0.248,46
Paul Householder,B,72,180,24.40972222,0.236,29
Jimmy Stewart,B,72,165,22.3755787,0.237,8
Dick Phillips,L,72,180,24.40972222,0.229,12
Frank Taveras,R,72,155,21.01948302,0.255,2
Joe Nossek,R,72,178,24.13850309,0.228,3
Larry Stahl,L,72,175,23.73167438,0.232,36
Jose Cruz,L,72,170,23.05362654,0.284,165
Sal Bando,R,72,195,26.44386574,0.254,242
Pat Corrales,R,72,180,24.40972222,0.216,4
Duane Josephson,R,72,190,25.7658179,0.258,23
Duane Walker,L,72,185,25.08777006,0.229,24
Roger Freed,R,72,190,25.7658179,0.245,22
Rod Carew,L,72,170,23.05362654,0.328,92
Bob Davis,R,72,180,24.40972222,0.197,6
Toby Harrah,R,72,175,23.73167438,0.264,195
Cesar Geronimo,L,72,165,22.3755787,0.258,51
Graig Nettles,L,72,180,24.40972222,0.248,390
Mike Easler,L,72,190,25.7658179,0.293,118
Ron Hunt,R,72,186,25.22337963,0.273,39
Joe Keough,L,72,185,25.08777006,0.246,9
Tony Solaita,L,72,210,28.47800926,0.255,50
Joe Foy,R,72,215,29.1560571,0.248,58
Rafael Vasquez,R,72,160,21.69753086,0,0
Marv Breeding,R,72,175,23.73167438,0.25,7
Joe Horlen,R,72,170,23.05362654,0.134,0
Glenn Burke,R,72,195,26.44386574,0.237,2
Ted Kubiak,B,72,175,23.73167438,0.231,13
George Vukovich,L,72,198,26.85069444,0.268,27
Paul Blair,R,72,168,22.78240741,0.25,134
Al Oliver,L,72,195,26.44386574,0.303,219
Carmen Fanzone,R,72,200,27.12191358,0.224,20
Milt May,L,72,190,25.7658179,0.263,77
Jim Nettles,L,72,186,25.22337963,0.22,16
Chris Cannizzaro,R,72,190,25.7658179,0.235,18
Danny Thompson,R,72,183,24.81655093,0.248,15
Bill Fahey,L,72,200,27.12191358,0.241,7
Bernie Allen,L,72,175,23.73167438,0.239,73
Claudell Washington,L,72,190,25.7658179,0.278,164
Ken Reitz,R,72,180,24.40972222,0.26,68
Dan Briggs,L,72,180,24.40972222,0.195,12
Kevin Bell,R,72,195,26.44386574,0.222,13
Steve Yeager,R,72,190,25.7658179,0.228,102
Derrel Thomas,B,72,160,21.69753086,0.249,43
Ike Brown,R,72,190,25.7658179,0.256,20
Manny Sanguillen,R,72,193,26.1726466,0.296,65
Roy Branch,R,72,175,23.73167438,0,0
Frank Fernandez,R,72,185,25.08777006,0.199,39
Steve Brye,R,72,190,25.7658179,0.258,30
Ron Jackson,R,72,200,27.12191358,0.259,56
Roger Metzger,B,72,165,22.3755787,0.231,5
Rufino Linares,R,72,170,23.05362654,0.27,11
Ray Webster,L,72,185,25.08777006,0.244,17
Bob Kearney,R,72,190,25.7658179,0.233,27
Al Gallagher,R,72,180,24.40972222,0.263,11
Ted Martinez,R,72,165,22.3755787,0.24,7
Jim Anderson,R,72,170,23.05362654,0.218,13
Randy Jones,R,72,178,24.13850309,0.132,0
Bob Veselic,R,72,175,23.73167438,0,0
Jim Sundberg,R,72,190,25.7658179,0.248,95
Lenny Faedo,R,72,170,23.05362654,0.251,5
John Lowenstein,L,72,175,23.73167438,0.253,116
Joe Hague,L,72,195,26.44386574,0.239,40
Bob Molinaro,L,72,190,25.7658179,0.264,14
Tim Foli,R,72,179,24.27411265,0.251,25
Alan Knicely,R,72,190,25.7658179,0.213,12
Juan Marichal,R,72,185,25.08777006,0.165,4
Vida Blue,B,72,189,25.63020833,0.104,4
Stan Papi,R,72,170,23.05362654,0.218,7
Bob Dernier,R,72,160,21.69753086,0.255,23
John Milner,L,72,185,25.08777006,0.249,131
Chris Bando,B,72,195,26.44386574,0.227,27
Bill Buckner,L,72,185,25.08777006,0.289,174
Dewey Robinson,R,72,180,24.40972222,0,0
Darrell Porter,L,72,193,26.1726466,0.247,188
Carl Morton,R,72,200,27.12191358,0.156,7
Gary Gray,R,72,187,25.3589892,0.24,24
Bobby Clark,R,72,190,25.7658179,0.239,19
Jim Price,R,72,192,26.03703704,0.214,18
Tony Cloninger,R,72,210,28.47800926,0.192,11
Keith Hernandez,L,72,180,24.40972222,0.296,162
Willie Upshaw,L,72,185,25.08777006,0.262,123
Dane Iorg,L,72,180,24.40972222,0.276,14
Gene Richards,L,72,175,23.73167438,0.29,26
Bill Mooneyham,R,72,175,23.73167438,0,0
Mike Fiore,L,72,175,23.73167438,0.227,13
Miguel Dilone,B,72,160,21.69753086,0.265,6
Duane Kuiper,L,72,175,23.73167438,0.271,1
Ken Retzer,L,72,185,25.08777006,0.264,14
Jerry Royster,R,72,165,22.3755787,0.249,40
Joel Youngblood,R,72,180,24.40972222,0.265,80
Reggie Jackson,L,72,195,26.44386574,0.262,563
Rodney Scott,B,72,160,21.69753086,0.236,3
Jerry McNertney,R,72,180,24.40972222,0.237,27
Larry Milbourne,B,72,161,21.83314043,0.254,11
R.J. Reynolds,B,72,190,25.7658179,0.267,35
Paul Popovich,B,72,175,23.73167438,0.233,14
Doug Clemens,L,72,180,24.40972222,0.229,12
Luis Aponte,R,72,185,25.08777006,0,0
Orlando Mercado,R,72,180,24.40972222,0.199,7
De Wayne Buice,R,72,170,23.05362654,0,0
Ty Cline,L,72,170,23.05362654,0.238,6
Jimmie Hall,L,72,175,23.73167438,0.254,121
Joe Lis,R,72,175,23.73167438,0.233,32
Jim Holt,L,72,180,24.40972222,0.265,19
Wallace Johnson,B,72,173,23.46045525,0.255,5
Eddie Leon,R,72,170,23.05362654,0.236,24
Keith Moreland,R,72,190,25.7658179,0.279,121
Alex Johnson,R,72,205,27.79996142,0.288,78
Dave Edwards,R,72,170,23.05362654,0.237,14
Ron Roenicke,B,72,180,24.40972222,0.238,17
Doug Griffin,R,72,160,21.69753086,0.245,7
Steve Blass,R,72,165,22.3755787,0.172,1
Chet Lemon,R,72,190,25.7658179,0.273,215
Phil Mankowski,L,72,180,24.40972222,0.264,8
Cleon Jones,R,72,185,25.08777006,0.281,93
Joaquin Andujar,B,72,170,23.05362654,0.127,5
Mike Lum,L,72,180,24.40972222,0.247,90
Dale Berra,R,72,180,24.40972222,0.236,49
Greg Pryor,R,72,180,24.40972222,0.25,14
Jim Traber,L,72,194,26.30825617,0.227,27
Mark Souza,L,72,180,24.40972222,0,0
Steve Kemp,L,72,195,26.44386574,0.278,130
Mark Ciardi,R,72,180,24.40972222,0,0
Dennis Burtt,R,72,180,24.40972222,0,0
Mike Hargrove,L,72,195,26.44386574,0.29,80
Bill Paschall,R,72,175,23.73167438,0,0
John Bohnet,B,72,175,23.73167438,0,0
Rick Renick,R,72,188,25.49459877,0.221,20
Jeff Torborg,R,72,195,26.44386574,0.214,8
Al Weis,B,72,160,21.69753086,0.219,7
Rick Auerbach,R,72,165,22.3755787,0.22,9
Howard Bailey,R,72,195,26.44386574,0,0
Bob Davidson,R,72,185,25.08777006,0,0
John Flinn,R,72,175,23.73167438,0,0
Todd Cruz,R,72,175,23.73167438,0.22,34
Bob Heise,R,72,175,23.73167438,0.247,1
Mike Cubbage,L,72,180,24.40972222,0.258,34
Lou Piniella,R,72,182,24.68094136,0.291,102
Andres Mora,R,72,180,24.40972222,0.223,27
Julio Gotay,R,72,180,24.40972222,0.26,6
Bruce Taylor,R,72,178,24.13850309,0,0
Steve Barber,L,72,195,26.44386574,0.115,5
Rich Wortham,R,72,185,25.08777006,0,0
Phil Bradley,R,72,185,25.08777006,0.286,78
Mel Stottlemyre,R,72,190,25.7658179,0,0
Luis Tiant,R,72,180,24.40972222,0.164,5
Bruce Ellingsen,L,72,180,24.40972222,0,0
Danny Cater,R,72,170,23.05362654,0.276,66
Clay Dalrymple,L,72,190,25.7658179,0.233,55
Reggie Smith,B,72,180,24.40972222,0.287,314
Mark Wagner,R,72,165,22.3755787,0.243,3
Ray Culp,R,72,200,27.12191358,0.123,1
Jim Rooker,R,72,195,26.44386574,0.201,7
Catfish Hunter,R,72,190,25.7658179,0.226,6
Mario Soto,R,72,174,23.59606481,0.132,1
Hank Allen,R,72,190,25.7658179,0.241,6
Willie Montanez,L,72,170,23.05362654,0.275,139
Rob Andrews,R,72,185,25.08777006,0.251,3
Bob Barton,R,72,175,23.73167438,0.226,9
Leron Lee,L,72,196,26.57947531,0.25,31
Tom McCarthy,R,72,180,24.40972222,0,0
Steve Ontiveros,B,72,185,25.08777006,0.274,24
Darrell Brown,B,72,184,24.95216049,0.274,1
Roy Foster,R,72,185,25.08777006,0.253,45
Denis Menke,R,72,185,25.08777006,0.25,101
Ron LeFlore,R,72,200,27.12191358,0.288,59
Bill Russell,R,72,175,23.73167438,0.263,46
Gene Tenace,R,72,190,25.7658179,0.241,201
Rich Dauer,R,72,180,24.40972222,0.257,43
Rowland Office,L,72,170,23.05362654,0.259,32
Ron Davis,R,72,175,23.73167438,0.233,10
Mike Jorgensen,L,72,195,26.44386574,0.243,95
Gary Sutherland,R,72,185,25.08777006,0.243,24
Ron Gardenhire,R,72,175,23.73167438,0.232,4
Bob Watson,R,72,201,27.25752315,0.295,184
John Kennedy,R,72,185,25.08777006,0.225,32
Chico Ruiz,B,72,169,22.91801698,0.24,2
Luis Melendez,R,72,165,22.3755787,0.248,9
Jerry Augustine,L,72,183,24.81655093,0,0
Rick Miller,L,72,175,23.73167438,0.269,28
Tom O'Malley,L,72,180,24.40972222,0.256,13
Tom Brown,R,73,170,22.42634641,0,0
Denny Lemaster,R,73,182,24.00938262,0.13,4
Rod Kanehl,R,73,180,23.74554325,0.241,6
John LaRose,L,73,185,24.40514168,0,0
Jerry Kutzler,L,73,175,23.08594483,0,0
Rick Wise,R,73,180,23.74554325,0.195,15
Eric Wilkins,R,73,190,25.0647401,0,0
Lee Lacy,R,73,175,23.08594483,0.286,91
Gil Patterson,R,73,185,24.40514168,0,0
Fred Whitfield,L,73,190,25.0647401,0.253,108
Jerry Ujdur,R,73,195,25.72433853,0,0
Syd O'Brien,R,73,185,24.40514168,0.23,24
Chris Chambliss,L,73,195,25.72433853,0.279,185
Tom Satriano,L,73,185,24.40514168,0.225,21
Mickey Lolich,B,73,170,22.42634641,0.11,0
Julian Javier,R,73,175,23.08594483,0.257,78
Tony Ferreira,L,73,160,21.10714956,0,0
Gary Thomasson,L,73,180,23.74554325,0.249,61
Mike Trujillo,R,73,180,23.74554325,0,0
Johnny Lewis,L,73,189,24.93282042,0.227,22
Randy Scarbery,B,73,185,24.40514168,0,0
Mike Ramsey,B,73,170,22.42634641,0.24,2
Willie Crawford,L,73,197,25.98817789,0.268,86
Joe Lahoud,L,73,198,26.12009758,0.223,65
Dave McKay,B,73,195,25.72433853,0.229,21
Benny Ayala,R,73,185,24.40514168,0.251,38
Johnny Jeter,R,73,180,23.74554325,0.244,18
Tony Oliva,L,73,175,23.08594483,0.304,220
Dan Ford,R,73,185,24.40514168,0.27,121
Ozzie Virgil,R,73,180,23.74554325,0.243,98
Jay Johnstone,L,73,175,23.08594483,0.267,102
Joe Niekro,R,73,185,24.40514168,0.156,1
Andy Etchebarren,R,73,190,25.0647401,0.235,49
Denny McLain,R,73,185,24.40514168,0.133,1
Bruce Robbins,L,73,190,25.0647401,0,0
Brian Allard,R,73,175,23.08594483,0,0
Manny Jimenez,L,73,185,24.40514168,0.272,26
Vern Fuller,R,73,170,22.42634641,0.232,14
Lou Clinton,R,73,185,24.40514168,0.247,65
Chuck Hinton,R,73,180,23.74554325,0.264,113
Tim Cullen,R,73,185,24.40514168,0.22,9
George Foster,R,73,180,23.74554325,0.274,348
Leon Durham,L,73,185,24.40514168,0.277,147
Andres Thomas,R,73,170,22.42634641,0.234,42
Rick Manning,L,73,180,23.74554325,0.257,56
Terry Taylor,R,73,180,23.74554325,0,0
Terry Whitfield,L,73,197,25.98817789,0.281,33
Fred Lynn,L,73,185,24.40514168,0.283,306
Paul Mitchell,R,73,195,25.72433853,0,0
Rick Sweet,B,73,200,26.38393695,0.234,6
Mark Belanger,R,73,170,22.42634641,0.228,20
Leroy Stanton,R,73,195,25.72433853,0.244,77
Adolfo Phillips,R,73,175,23.08594483,0.247,59
Tom Gilles,R,73,185,24.40514168,0,0
Bobby Knoop,R,73,170,22.42634641,0.236,56
Ron Hodges,L,73,185,24.40514168,0.24,19
Bob Montgomery,R,73,195,25.72433853,0.258,23
Jeff Burroughs,R,73,200,26.38393695,0.261,240
Craig Reynolds,L,73,175,23.08594483,0.256,42
Al Cowens,R,73,197,25.98817789,0.27,108
Mike Vail,R,73,180,23.74554325,0.279,34
Mel Stottlemyre,R,73,178,23.48170388,0.16,7
Roy Smalley,B,73,185,24.40514168,0.257,163
Andy Messersmith,R,73,200,26.38393695,0.17,5
Richie Zisk,R,73,200,26.38393695,0.287,207
Don Baylor,R,73,190,25.0647401,0.26,338
John Vukovich,R,73,187,24.66898105,0.161,6
Bert Bradley,B,73,190,25.0647401,0,0
Pete Ward,L,73,185,24.40514168,0.254,98
Tom Nieto,R,73,193,25.46049916,0.205,5
Danny Goodwin,L,73,195,25.72433853,0.236,13
Dick Dietz,R,73,195,25.72433853,0.261,66
Barry Evans,R,73,180,23.74554325,0.251,2
Dick Billings,R,73,195,25.72433853,0.227,16
Burt Hooton,R,73,210,27.7031338,0.123,4
Chuck Hockenbery,B,73,195,25.72433853,0,0
Steve Huntz,B,73,204,26.91161569,0.206,16
Don Kessinger,B,73,170,22.42634641,0.252,14
Richie Scheinblum,B,73,180,23.74554325,0.263,13
Ed Herrmann,L,73,195,25.72433853,0.24,80
Mike Hegan,L,73,188,24.80090073,0.242,53
Rob Wilfong,L,73,180,23.74554325,0.248,39
Randy Wiles,L,73,185,24.40514168,0,0
Rafael Santana,R,73,165,21.76674798,0.246,13
Steve Dillard,R,73,180,23.74554325,0.243,13
Ken Walters,R,73,180,23.74554325,0.231,11
Paul Dade,R,73,185,24.40514168,0.27,10
Tim Johnson,L,73,170,22.42634641,0.223,0
Dalton Jones,L,73,180,23.74554325,0.235,41
Charlie James,R,73,195,25.72433853,0.255,29
Bob Horner,R,73,195,25.72433853,0.277,218
Tom Veryzer,R,73,175,23.08594483,0.241,14
Brian Giles,R,73,165,21.76674798,0.228,10
Greg Erardi,R,73,190,25.0647401,0,0
Jim Farr,R,73,195,25.72433853,0,0
Tucker Ashford,R,73,195,25.72433853,0.218,6
Ned Yost,R,73,190,25.0647401,0.212,16
Mike Warren,R,73,175,23.08594483,0,0
Dave Marshall,L,73,182,24.00938262,0.246,16
Johnny Briggs,L,73,190,25.0647401,0.253,139
Richie Hebner,L,73,195,25.72433853,0.276,203
Buddy Bell,R,73,180,23.74554325,0.279,201
Rudy Law,L,73,165,21.76674798,0.271,18
Greg Luzinski,R,73,220,29.02233064,0.276,307
Steve Davis,L,73,195,25.72433853,0,0
Tom Seaver,R,73,195,25.72433853,0.154,12
Jerry Martin,R,73,195,25.72433853,0.251,85
Phil Gagliano,R,73,180,23.74554325,0.238,14
Bill Sudakis,B,73,190,25.0647401,0.234,59
Glenn Adams,L,73,180,23.74554325,0.28,34
Clint Zavaras,R,73,175,23.08594483,0,0
Charley Smith,R,73,170,22.42634641,0.239,69
Bob Uecker,R,73,190,25.0647401,0.2,14
Ray Knight,R,73,185,24.40514168,0.271,84
John Boccabella,R,73,195,25.72433853,0.219,26
Mark Esser,R,73,190,25.0647401,0,0
Dave Smith,R,73,190,25.0647401,0,0
Mack Jones,L,73,180,23.74554325,0.252,133
Hosken Powell,L,73,175,23.08594483,0.259,17
Dave Stapleton,L,73,185,24.40514168,0,0
Dave Stapleton,R,73,178,23.48170388,0.271,41
Jim Wright,R,73,165,21.76674798,0,0
Mike Kinnunen,L,73,185,24.40514168,0,0
Wayne Krenchicki,L,73,180,23.74554325,0.266,15
Tom Tresh,B,73,180,23.74554325,0.245,153
Craig Chamberlain,R,73,190,25.0647401,0,0
Ken Rudolph,R,73,180,23.74554325,0.213,6
Johnny Bench,R,73,197,25.98817789,0.267,389
Terry Felton,R,73,180,23.74554325,0,0
Bob Meacham,B,73,175,23.08594483,0.236,8
Sam Bowens,R,73,188,24.80090073,0.223,45
Bob Bailey,R,73,180,23.74554325,0.257,189
Matt Williams,R,73,200,26.38393695,0,0
Byron McLaughlin,R,73,175,23.08594483,0,0
Dave Campbell,R,73,180,23.74554325,0.213,20
Pat Kelly,L,73,185,24.40514168,0.264,76
Jeff Sellers,R,73,175,23.08594483,0,0
Ken Phelps,L,73,209,27.57121411,0.239,123
Phil Linz,R,73,180,23.74554325,0.235,11
Rick Sofield,L,73,195,25.72433853,0.243,9
Don Hahn,R,73,180,23.74554325,0.236,7
Les Straker,R,73,193,25.46049916,0,0
Lyman Bostock,L,73,180,23.74554325,0.311,23
Damaso Garcia,R,73,165,21.76674798,0.283,36
Don Gordon,R,73,175,23.08594483,0,0
Roy Howell,L,73,190,25.0647401,0.261,80
Sandy Wihtol,R,73,195,25.72433853,0,0
Bruce Miller,R,73,185,24.40514168,0.246,1
Butch Hobson,R,73,193,25.46049916,0.248,98
Hal King,L,73,200,26.38393695,0.214,24
Bob Robertson,R,73,195,25.72433853,0.242,115
Frank Quilici,R,73,170,22.42634641,0.214,5
Bob Galasso,L,73,205,27.04353537,0,0
Glenn Hoffman,R,73,175,23.08594483,0.242,23
Russ Gibson,R,73,195,25.72433853,0.228,8
Terry Francona,L,73,190,25.0647401,0.274,16
Joe Gaines,R,73,190,25.0647401,0.241,21
Mickey Stanley,R,73,185,24.40514168,0.248,117
Bruce Benedict,R,73,175,23.08594483,0.242,18
Wes Parker,B,73,180,23.74554325,0.267,64
Davey Johnson,R,73,170,22.42634641,0.261,136
Jake Wood,R,73,163,21.50290861,0.25,35
Del Unser,L,73,180,23.74554325,0.258,87
Lee Mazzilli,B,73,180,23.74554325,0.259,93
Ron Blomberg,L,73,195,25.72433853,0.293,52
Jim Fregosi,R,73,190,25.0647401,0.265,151
Harry Spilman,L,73,180,23.74554325,0.237,18
Al Ferrara,R,73,200,26.38393695,0.259,51
Bobby Bonds,R,73,190,25.0647401,0.268,332
Manny Trillo,R,73,150,19.78795271,0.263,61
Jerry Kenney,L,73,170,22.42634641,0.237,7
Fred Kendall,R,73,185,24.40514168,0.234,31
Mark Brouhard,R,73,210,27.7031338,0.259,25
Dan Morogiello,L,73,200,26.38393695,0,0
Chris Speier,R,73,175,23.08594483,0.246,112
Mike Fischlin,R,73,165,21.76674798,0.22,3
Don Money,R,73,170,22.42634641,0.261,176
Tom Matchick,L,73,173,22.82210546,0.215,4
Ellie Hendricks,L,73,175,23.08594483,0.22,62
Art Shamsky,L,73,168,22.16250704,0.253,68
Butch Wynegar,B,73,190,25.0647401,0.255,65
Ted Savage,R,73,185,24.40514168,0.233,34
Rick Leach,L,73,180,23.74554325,0.268,18
Dwayne Murphy,L,73,185,24.40514168,0.246,166
Don Sutton,R,73,185,24.40514168,0.144,0
Glenn Beckert,R,73,190,25.0647401,0.283,22
Don Cooper,R,73,185,24.40514168,0,0
Rick Joseph,R,73,192,25.32857947,0.243,13
Bobby Wine,R,73,187,24.66898105,0.215,30
Dave Johnson,R,73,183,24.14130231,0,0
Bill Plummer,R,73,190,25.0647401,0.188,14
Phil Niekro,R,73,180,23.74554325,0.169,7
Brian Asselstine,L,73,175,23.08594483,0.254,12
Frank Duffy,R,73,180,23.74554325,0.232,26
Mike Ryan,R,74,205,26.31756757,0.193,28
Ozzie Osborn,R,74,195,25.03378378,0,0
Darrell Evans,L,74,200,25.67567568,0.248,414
Jeff Newman,R,74,215,27.60135135,0.224,63
Nardi Contreras,B,74,193,24.77702703,0,0
Tommie Reynolds,R,74,190,24.39189189,0.226,12
Gary Nolan,R,74,197,25.29054054,0.138,1
Dave Skaggs,R,74,200,25.67567568,0.241,3
Steve Eddy,R,74,185,23.75,0,0
Tony Muser,L,74,180,23.10810811,0.259,7
Jeffrey Leonard,R,74,200,25.67567568,0.266,144
Ray Chadwick,B,74,180,23.10810811,0,0
Byron Browne,R,74,190,24.39189189,0.236,30
Jerry Koosman,R,74,205,26.31756757,0.119,2
Omar Moreno,L,74,180,23.10810811,0.252,37
Kevin Bearse,L,74,195,25.03378378,0,0
Bruce Boisclair,L,74,185,23.75,0.263,10
Steve Swisher,R,74,205,26.31756757,0.216,20
Dave Concepcion,R,74,155,19.89864865,0.267,101
Larry Haney,R,74,195,25.03378378,0.215,12
Don Lock,R,74,195,25.03378378,0.238,122
Billy Smith,B,74,185,23.75,0.23,17
Tony Perez,R,74,175,22.46621622,0.279,379
Fernando Arroyo,R,74,180,23.10810811,0,0
Ken Henderson,B,74,180,23.10810811,0.257,122
Wayne Gross,L,74,210,26.95945946,0.233,121
Steve Rogers,R,74,175,22.46621622,0.138,0
Keith Creel,R,74,180,23.10810811,0,0
Nate Colbert,R,74,190,24.39189189,0.243,173
Phil Roof,R,74,190,24.39189189,0.215,43
Tim Harkness,L,74,182,23.36486486,0.235,14
Jim Mason,L,74,185,23.75,0.203,12
Ed Crosby,L,74,175,22.46621622,0.22,0
Bill Robinson,R,74,189,24.26351351,0.258,166
George Mitterwald,R,74,195,25.03378378,0.236,76
Steve Burke,B,74,200,25.67567568,0,0
Gary Matthews,R,74,185,23.75,0.281,234
Larry Hisle,R,74,193,24.77702703,0.273,166
Mark Smith,R,74,215,27.60135135,0,0
Mark Brown,B,74,190,24.39189189,0,0
Bobby Brown,B,74,190,24.39189189,0.245,26
Gary Woods,R,74,185,23.75,0.243,13
Rusty Staub,L,74,190,24.39189189,0.279,292
Bob Randall,R,74,175,22.46621622,0.257,1
Larry Biittner,L,74,205,26.31756757,0.273,29
John Pawlowski,R,74,175,22.46621622,0,0
Jack Hardy,R,74,175,22.46621622,0,0
Ron Musselman,R,74,185,23.75,0,0
Ken Holtzman,R,74,175,22.46621622,0.163,2
Duke Sims,L,74,197,25.29054054,0.239,100
Mike Davis,L,74,175,22.46621622,0.259,91
John Hale,L,74,195,25.03378378,0.201,14
Reggie Ritter,L,74,195,25.03378378,0,0
Art Howe,R,74,190,24.39189189,0.26,43
Lamar Johnson,R,74,215,27.60135135,0.287,64
Jesus Alou,R,74,190,24.39189189,0.28,32
Woody Woodward,R,74,180,23.10810811,0.236,1
Dave Duncan,R,74,190,24.39189189,0.214,109
Bake McBride,L,74,190,24.39189189,0.299,63
Mike Diaz,R,74,195,25.03378378,0.247,31
Rick Kreuger,R,74,185,23.75,0,0
Steve Henderson,R,74,190,24.39189189,0.28,68
Rob Picciolo,R,74,185,23.75,0.234,17
Bill Melton,R,74,200,25.67567568,0.253,160
Jack Hiatt,R,74,190,24.39189189,0.251,22
Win Remmerswaal,R,74,160,20.54054054,0,0
Jeff Peterek,R,74,195,25.03378378,0,0
George Scott,R,74,200,25.67567568,0.268,271
Gorman Thomas,R,74,210,26.95945946,0.225,268
Jim Spencer,L,74,195,25.03378378,0.25,146
Pete LaCock,L,74,200,25.67567568,0.257,27
Pete Filson,B,74,195,25.03378378,0,0
Jerry May,R,74,190,24.39189189,0.234,15
Jeff Twitty,L,74,185,23.75,0,0
Steve Cummings,B,74,200,25.67567568,0,0
Jim Essian,R,74,195,25.03378378,0.244,33
Dusty Baker,R,74,183,23.49324324,0.278,242
Mickey Hatcher,R,74,200,25.67567568,0.28,38
Bob Jones,L,74,195,25.03378378,0.221,20
Doc Edwards,R,74,215,27.60135135,0.238,15
Deron Johnson,R,74,200,25.67567568,0.244,245
Ben Oglivie,L,74,160,20.54054054,0.273,235
Luis Sanchez,R,74,170,21.82432432,0,0
Mike Brown,R,74,195,25.03378378,0.265,23
Mike Brown,R,74,195,25.03378378,0,0
Mitchell Page,L,74,205,26.31756757,0.266,72
Ron Oester,B,74,185,23.75,0.265,42
Lee Thomas,L,74,195,25.03378378,0.255,106
Ray Fosse,R,74,215,27.60135135,0.256,61
Paul Boris,R,74,200,25.67567568,0,0
Bobby Grich,R,74,180,23.10810811,0.266,224
Curt Blefary,L,74,195,25.03378378,0.237,112
Gary Ward,R,74,195,25.03378378,0.276,130
Tom Klawitter,R,74,190,24.39189189,0,0
Bill Voss,L,74,160,20.54054054,0.227,19
Mike Overy,R,74,190,24.39189189,0,0
Johnnie LeMaster,R,74,165,21.18243243,0.222,22
Wayne Nordhagen,R,74,205,26.31756757,0.282,39
Len Matuszek,L,74,190,24.39189189,0.234,30
Jim Maloney,L,74,190,24.39189189,0.201,7
Jerry Zimmerman,R,74,185,23.75,0.204,3
Rickey Keeton,R,74,190,24.39189189,0,0
Hal Lanier,R,74,180,23.10810811,0.228,8
Mike Pazik,L,74,195,25.03378378,0,0
Ron Stone,L,74,185,23.75,0.241,6
Cap Peterson,R,74,195,25.03378378,0.23,19
Ted Uhlaender,L,74,190,24.39189189,0.263,36
Bill Nahorodny,R,74,200,25.67567568,0.241,25
Bob Boone,R,74,195,25.03378378,0.254,105
Carl Taylor,R,74,200,25.67567568,0.266,10
Terry Harmon,R,74,180,23.10810811,0.233,4
Rich Yett,R,74,187,24.00675676,0,0
Don Leppert,R,74,220,28.24324324,0.229,15
Rick Anderson,R,74,210,26.95945946,0,0
Luis Quintana,L,74,175,22.46621622,0,0
Don Wilson,R,74,195,25.03378378,0.146,1
Steve Senteney,R,74,205,26.31756757,0,0
Cesar Cedeno,R,74,175,22.46621622,0.285,199
Doug DeCinces,R,74,190,24.39189189,0.259,237
Bobby Darwin,R,74,190,24.39189189,0.251,83
Dennis DeBarr,L,74,190,24.39189189,0,0
John Wathan,R,74,205,26.31756757,0.262,21
Alan Wiggins,B,74,160,20.54054054,0.259,5
Gary Alexander,R,74,195,25.03378378,0.23,55
Ed Hodge,L,74,192,24.64864865,0,0
Stan Thomas,R,74,185,23.75,0,0
Ollie Brown,R,74,178,22.85135135,0.265,102
Curt Kaufman,R,74,175,22.46621622,0,0
Joe Pepitone,L,74,185,23.75,0.258,219
Bob Chance,L,74,196,25.16216216,0.261,24
Mike Bacsik,R,74,180,23.10810811,0,0
Phil Huffman,R,74,180,23.10810811,0,0
Luis Pujols,R,74,175,22.46621622,0.193,6
Doug Rader,R,74,208,26.7027027,0.251,155
Rick Lysander,R,74,190,24.39189189,0,0
John Ellis,R,74,225,28.88513514,0.262,69
Alex Sanchez,R,74,185,23.75,0,0
Tom Grieve,R,74,190,24.39189189,0.249,65
Bill Schroeder,R,74,200,25.67567568,0.24,61
John Hoover,R,74,190,24.39189189,0,0
Willie Stargell,L,74,188,24.13513514,0.282,475
Ivan Murrell,R,74,195,25.03378378,0.236,33
Alan Ashby,B,74,185,23.75,0.245,90
Bob Brenly,R,74,210,26.95945946,0.247,91
Colby Ward,R,74,185,23.75,0,0
Mike Schmidt,R,74,195,25.03378378,0.267,548
Champ Summers,L,74,205,26.31756757,0.255,54
Tom Dozier,R,74,190,24.39189189,0,0
Ron Swoboda,R,74,195,25.03378378,0.242,73
Daryl Sconiers,L,74,185,23.75,0.265,15
Joe Torre,R,74,212,27.21621622,0.297,252
Dave Nicholson,R,74,215,27.60135135,0.212,61
Ken Hubbs,R,74,175,22.46621622,0.247,14
Willie Davis,L,74,180,23.10810811,0.279,182
Hal Breeden,R,74,200,25.67567568,0.243,21
Mike Anderson,R,74,200,25.67567568,0.246,28
Joe Charboneau,R,74,205,26.31756757,0.266,29
Wilbur Howard,B,74,170,21.82432432,0.25,6
Rod Gilbreath,R,74,180,23.10810811,0.248,14
Mike Young,B,74,195,25.03378378,0.247,72
Gene Michael,B,74,183,23.49324324,0.229,15
Joe Rudi,R,74,200,25.67567568,0.264,179
Jim Rice,R,74,200,25.67567568,0.298,382
Shawn Holman,R,74,185,23.75,0,0
Jim Beauchamp,R,74,190,24.39189189,0.231,14
Terry Wilshusen,R,74,210,26.95945946,0,0
Darrel Chaney,B,74,188,24.13513514,0.217,14
Dick Nen,L,74,200,25.67567568,0.224,21
Bryan Kelly,R,74,195,25.03378378,0,0
Pete Mackanin,R,74,190,24.39189189,0.226,30
Larry Harlow,L,74,185,23.75,0.248,12
Jerry Mumphrey,B,74,185,23.75,0.289,70
John Leister,R,74,200,25.67567568,0,0
Cecil Cooper,L,74,165,21.18243243,0.298,241
Joe Ferguson,R,74,200,25.67567568,0.24,122
Jerry Dybzinski,R,74,180,23.10810811,0.234,3
Mike Willis,L,74,205,26.31756757,0,0
Ken Harrelson,R,74,190,24.39189189,0.239,131
Buck Rodgers,B,74,190,24.39189189,0.232,31
Larry Rothschild,L,74,180,23.10810811,0,0
Jeff Byrd,R,75,195,24.37066667,0,0
Jeff Barkley,B,75,185,23.12088889,0,0
Jim Hickman,R,75,192,23.99573333,0.252,159
Dick Ruthven,R,75,190,23.74577778,0.183,1
Jerry Garvin,L,75,195,24.37066667,0,0
Bud Anderson,R,75,210,26.24533333,0,0
Scot Thompson,L,75,195,24.37066667,0.262,5
Bob Fallon,L,75,200,24.99555556,0,0
Bryan Oelkers,L,75,192,23.99573333,0,0
Ken McMullen,R,75,190,23.74577778,0.248,156
John Trautwein,R,75,205,25.62044444,0,0
Zach Crouch,L,75,180,22.496,0,0
Bruce Tanner,L,75,220,27.49511111,0,0
Cito Gaston,R,75,190,23.74577778,0.256,91
Marc Hill,R,75,205,25.62044444,0.223,34
Danny Fife,R,75,175,21.87111111,0,0
Ed Kranepool,L,75,205,25.62044444,0.261,118
Rick Rhoden,R,75,195,24.37066667,0.238,9
Andy Beene,R,75,205,25.62044444,0,0
Gary Roenicke,R,75,205,25.62044444,0.247,121
Dave Roberts,R,75,215,26.87022222,0.239,49
Charlie Spikes,R,75,215,26.87022222,0.246,65
Dave Roberts,L,75,195,24.37066667,0.194,7
Mike Smith,R,75,180,22.496,0,0
Jose Arcia,R,75,170,21.24622222,0.215,1
George Hendrick,R,75,195,24.37066667,0.278,267
Dave Engle,R,75,210,26.24533333,0.262,31
Rick Monday,L,75,193,24.12071111,0.264,241
Butch Edge,R,75,203,25.37048889,0,0
Gary Mielke,R,75,185,23.12088889,0,0
Ed Goodson,L,75,180,22.496,0.26,30
Terry Humphrey,R,75,185,23.12088889,0.211,6
Larry Parrish,R,75,190,23.74577778,0.263,256
Woodie Fryman,R,75,197,24.62062222,0.138,2
Nick Esasky,R,75,200,24.99555556,0.25,122
Joe Simpson,L,75,175,21.87111111,0.242,9
Bruce Bochy,R,75,205,25.62044444,0.239,26
John Mayberry,L,75,215,26.87022222,0.253,255
Joe Skalski,R,75,190,23.74577778,0,0
Bob Knepper,L,75,195,24.37066667,0.137,6
Jim Northrup,L,75,190,23.74577778,0.267,153
Ted Cox,R,75,195,24.37066667,0.245,10
Bobby Mitchell,R,75,185,23.12088889,0.235,21
Rob Woodward,R,75,185,23.12088889,0,0
Bruce Bochte,L,75,195,24.37066667,0.282,100
Andy Kosco,R,75,205,25.62044444,0.236,73
Gary Wheelock,R,75,205,25.62044444,0,0
Dick Davis,R,75,190,23.74577778,0.265,27
Jeff Schneider,B,75,195,24.37066667,0,0
Tim Laudner,R,75,212,26.49528889,0.225,77
Roger Weaver,R,75,190,23.74577778,0,0
Rich Reese,L,75,185,23.12088889,0.253,52
Tommie Aaron,R,75,190,23.74577778,0.229,13
Jeff Shaver,R,75,195,24.37066667,0,0
Jim Gideon,R,75,190,23.74577778,0,0
Clint Hurdle,L,75,195,24.37066667,0.259,32
Mike Andrews,R,75,195,24.37066667,0.258,66
Garry Maddox,R,75,175,21.87111111,0.285,117
Don Mincher,L,75,205,25.62044444,0.249,200
Mike Ivie,R,75,205,25.62044444,0.269,81
Frank Dimichele,R,75,205,25.62044444,0,0
Roger Repoz,L,75,190,23.74577778,0.224,82
Bill Fulton,R,75,195,24.37066667,0,0
John Orsino,R,75,215,26.87022222,0.249,40
Larry Anderson,R,75,190,23.74577778,0,0
Craig Mitchell,R,75,180,22.496,0,0
Alfredo Martinez,R,75,185,23.12088889,0,0
Dean Chance,R,75,200,24.99555556,0.066,0
Al Woods,L,75,190,23.74577778,0.271,35
John Hobbs,R,75,190,23.74577778,0,0
John Denny,R,75,185,23.12088889,0.17,0
Tony Horton,R,75,210,26.24533333,0.268,76
Brant Alyea,R,75,215,26.87022222,0.247,38
Jerry Narron,L,75,205,25.62044444,0.211,21
Greg Walker,L,75,205,25.62044444,0.26,113
Barry Bonnell,R,75,190,23.74577778,0.272,56
John Caneira,R,75,180,22.496,0,0
Thad Bosley,L,75,175,21.87111111,0.272,20
Larry Herndon,R,75,190,23.74577778,0.274,107
Cardell Camper,R,75,208,25.99537778,0,0
Johnny Grubb,L,75,175,21.87111111,0.278,99
Jim Burton,R,75,195,24.37066667,0,0
Charlie Mitchell,R,75,170,21.24622222,0,0
Lee May,R,75,195,24.37066667,0.267,354
Jeff Bettendorf,R,75,180,22.496,0,0
Brian Snyder,L,75,185,23.12088889,0,0
Roger Miller,R,75,200,24.99555556,0,0
Willie Aikens,L,75,220,27.49511111,0.271,110
Earl Williams,R,75,215,26.87022222,0.247,138
Rico Carty,R,75,200,24.99555556,0.299,204
Don Kainer,R,75,205,25.62044444,0,0
Sonny Siebert,R,75,190,23.74577778,0.173,12
Jeff Richardson,R,75,185,23.12088889,0,0
Barry Foote,R,75,205,25.62044444,0.23,57
Andre Thornton,R,75,200,24.99555556,0.254,253
Bob Oliver,R,75,205,25.62044444,0.256,94
Tom Buskey,R,75,200,24.99555556,0,0
Roger Slagle,R,75,190,23.74577778,0,0
Juan Nieves,L,75,175,21.87111111,0,0
Craig Kusick,R,75,210,26.24533333,0.235,46
John Bateman,R,75,210,26.24533333,0.23,81
Tommy John,R,75,180,22.496,0.157,5
David Green,R,75,170,21.24622222,0.268,31
Rick Reichardt,R,75,210,26.24533333,0.261,116
Leon Roberts,R,75,200,24.99555556,0.267,78
Fred Howard,R,75,190,23.74577778,0,0
Doug Ault,R,75,200,24.99555556,0.236,17
Chuck Porter,R,75,187,23.37084444,0,0
Al Lachowicz,R,75,198,24.7456,0,0
Jerry Moses,R,75,210,26.24533333,0.251,25
Jim Lewis,R,75,190,23.74577778,0,0
Bill Freehan,R,75,203,25.37048889,0.262,200
Mike Epstein,L,75,230,28.74488889,0.244,130
Mike Shannon,R,75,195,24.37066667,0.255,68
Bill Almon,R,75,180,22.496,0.254,36
Jeff Jones,R,75,210,26.24533333,0,0
Eric Hetzel,R,75,175,21.87111111,0,0
Tony Conigliaro,R,75,185,23.12088889,0.264,166
Jim Barr,R,75,205,25.62044444,0.162,1
Gary Lance,B,75,195,24.37066667,0,0
Larry Pashnick,R,75,205,25.62044444,0,0
Jack Billingham,R,76,195,23.73355263,0.111,0
Larry Dierker,R,76,215,26.16776316,0.136,4
Jim Siwy,R,76,200,24.34210526,0,0
John Butcher,R,76,185,22.51644737,0,0
Brian Denman,R,76,205,24.95065789,0,0
Bryan Clutterbuck,R,76,223,27.14144737,0,0
Ken Singleton,B,76,210,25.55921053,0.282,246
Albert Williams,R,76,190,23.125,0,0
Oswaldo Peraza,R,76,172,20.93421053,0,0
Mike Loynd,R,76,210,25.55921053,0,0
Dick Simpson,R,76,176,21.42105263,0.207,15
Ron Romanick,R,76,195,23.73355263,0,0
Dave Ford,R,76,190,23.125,0,0
Gary Beare,R,76,205,24.95065789,0,0
Chris Batton,R,76,195,23.73355263,0,0
Paul Casanova,R,76,180,21.90789474,0.225,50
T.R. Bryden,R,76,190,23.125,0,0
Mike Darr,R,76,190,23.125,0,0
Bob Tillman,R,76,205,24.95065789,0.232,79
Billy Bryan,L,76,200,24.34210526,0.216,41
Randy Nosek,R,76,215,26.16776316,0,0
Danny Ainge,R,76,175,21.29934211,0.22,2
Bill Moran,R,76,210,25.55921053,0,0
Tom Paciorek,R,76,215,26.16776316,0.282,86
Bob Kammeyer,R,76,210,25.55921053,0,0
Sherman Corbett,L,76,205,24.95065789,0,0
Howie Goss,R,76,204,24.82894737,0.216,11
Glenn Borgmann,R,76,210,25.55921053,0.229,16
Enos Cabell,R,76,170,20.69078947,0.277,60
Mike Rochford,L,76,205,24.95065789,0,0
Don Welchel,R,76,205,24.95065789,0,0
Nelson Mathews,R,76,195,23.73355263,0.223,22
Cliff Johnson,R,76,215,26.16776316,0.258,196
Donn Clendenon,R,76,209,25.4375,0.274,159
Gaylord Perry,R,76,205,24.95065789,0.131,6
Dave Hostetler,R,76,215,26.16776316,0.229,37
Jody Davis,R,76,192,23.36842105,0.245,127
Karl Best,R,76,190,23.125,0,0
Steve Barr,L,76,200,24.34210526,0,0
Terry Harper,R,76,195,23.73355263,0.253,36
Jeff Rineer,L,76,205,24.95065789,0,0
Mike Parrott,R,76,210,25.55921053,0,0
Daryl Smith,R,76,185,22.51644737,0,0
Mark Clear,R,76,200,24.34210526,0,0
Rich Barnes,R,76,186,22.63815789,0,0
Keith Macwhorter,R,76,190,23.125,0,0
Jaime Cocanower,R,76,200,24.34210526,0,0
Willie Mueller,R,76,220,26.77631579,0,0
Tom Egan,R,76,218,26.53289474,0.2,22
Boog Powell,L,76,230,27.99342105,0.266,339
Jay Pettibone,R,76,182,22.15131579,0,0
Larry Monroe,R,76,200,24.34210526,0,0
Len Gabrielson,L,76,210,25.55921053,0.253,37
Johnny Edwards,L,76,220,26.77631579,0.242,81
Bob Forsch,R,76,200,24.34210526,0.213,12
Gorman Heimueller,L,76,195,23.73355263,0,0
Ellis Valentine,R,76,205,24.95065789,0.278,123
Steve Carlton,L,76,210,25.55921053,0.201,13
Tom Haller,L,76,195,23.73355263,0.257,134
Rick Steirer,R,76,200,24.34210526,0,0
Alan Wirth,R,76,190,23.125,0,0
Jason Thompson,L,76,200,24.34210526,0.261,208
Dave Revering,L,76,210,25.55921053,0.265,62
Doug Frobel,L,76,196,23.85526316,0.201,20
Dave Lemanczyk,R,76,235,28.60197368,0,0
Al Jones,R,76,210,25.55921053,0,0
Britt Burns,L,77,215,25.49249452,0,0
Kevin Mmahat,L,77,220,26.08534323,0,0
Barry Cort,R,77,210,24.89964581,0,0
Andy Replogle,R,77,205,24.3067971,0,0
Vance Lovelace,L,77,205,24.3067971,0,0
Paul Hartzell,R,77,200,23.71394839,0,0
Curt Wardle,L,77,220,26.08534323,0,0
Jerry Reuss,L,77,200,23.71394839,0.167,1
Bob Babcock,R,77,210,24.89964581,0,0
Fergie Jenkins,R,77,205,24.3067971,0.165,13
Chris Knapp,R,77,195,23.12109968,0,0
Jeff Schattinger,L,77,200,23.71394839,0,0
Ike Brookens,R,77,170,20.15685613,0,0
Fran Healy,R,77,220,26.08534323,0.25,20
Joel Davis,L,77,205,24.3067971,0,0
Mark Mercer,L,77,220,26.08534323,0,0
Jim Lonborg,R,77,200,23.71394839,0.136,3
Gary Christenson,L,77,200,23.71394839,0,0
Jim Wright,R,77,205,24.3067971,0,0
Dave Rajsich,L,77,175,20.74970484,0,0
Rick Jones,L,77,190,22.52825097,0,0
Sam McDowell,L,77,190,22.52825097,0.154,2
Steve Renko,R,77,230,27.27104065,0.215,6
Mike Krukow,R,77,205,24.3067971,0.193,5
Steve Brown,R,77,200,23.71394839,0,0
Ray Burris,R,77,200,23.71394839,0.151,1
Mike Walters,R,77,203,24.06965762,0,0
John Poloni,L,77,210,24.89964581,0,0
Jeff Holly,L,77,210,24.89964581,0,0
Clay Christiansen,R,77,205,24.3067971,0,0
Dave Kingman,R,78,210,24.265286,0.236,442
Steve Curry,R,78,217,25.07412886,0,0
Mike Jones,L,78,215,24.8430309,0,0
Jim Umbarger,L,78,200,23.10979619,0,0
Rick Henninger,R,78,225,25.99852071,0,0
Steve Adkins,R,78,210,24.265286,0,0
Bob Ferris,R,78,225,25.99852071,0,0
Bob Veale,B,78,212,24.49638396,0.114,0
Dave Frost,R,78,235,27.15401052,0,0
Ron Reed,R,78,215,24.8430309,0.158,0
Sam Hinds,R,78,215,24.8430309,0,0
Walt Bond,L,79,228,25.68242269,0.256,41
Ben Callahan,R,79,230,25.9077071,0,0
Jim Dorsey,R,79,190,21.40201891,0,0
Mike Smithson,L,80,215,23.61640625,0,0
J.R. Richard,R,80,222,24.3853125,0.168,10
Steve Ellsworth,R,80,220,24.165625,0,0
Stefan Wever,R,80,245,26.91171875,0,0
